번호,시도,시군구,주소,주택유형,신청자수,x,y,img,geometry,deposit,m2,deposit_m2,distanceM_near_station,near_station,expected_time,distance_comp
122,서울특별시,서울 강동구,"서울 강동구 천호동 562, 562-1 스카이캐슬라 8층 802호",다세대주택,939,37.5395967302417,127.130621898093,http://www.khug.or.kr/updata/khgc/khgccms/cms/upload/1264/20241031093120380.png,POINT (127.130621898093 37.5395967302417),15210.0,15.21,1000.0,518.3079738566919,강동,21.833333333333332,15365
121,서울특별시,서울 강서구,서울 강서구 등촌동 637-19 라빌라스 101동 4층 402호,오피스텔(주거용),245,37.5562558006976,126.859242093444,http://www.khug.or.kr/updata/khgc/khgccms/cms/upload/1264/20241031091738913.png,POINT (126.859242093444 37.5562558006976),21060.0,29.99,702.2340780260087,248.21919426277395,증미,32.46666666666667,20135
120,서울특별시,서울 강서구,"서울 강서구 등촌동 643-16, 643-17 라테라스 4층 404호",다세대주택,189,37.5552971708394,126.859798104936,http://www.khug.or.kr/updata/khgc/khgccms/cms/upload/1264/20241031082208642.png,POINT (126.859798104936 37.5552971708394),25110.0,33.51,749.3285586392122,282.24386575376394,증미,32.516666666666666,20176
119,서울특별시,서울 강서구,서울 강서구 화곡동 105-207 바로크빌 4층 402호,다세대주택,90,37.5398872515345,126.844564308705,http://www.khug.or.kr/updata/khgc/khgccms/cms/upload/1264/20241031082105795.png,POINT (126.844564308705 37.5398872515345),14220.0,29.9,475.5852842809365,400.1841136023156,화곡,36.1,23406
118,서울특별시,서울 강서구,"서울 강서구 화곡동 1111, 1111-1 에스제이라벨라 10층 1002호",오피스텔(주거용),275,37.5549481543332,126.852356873973,http://www.khug.or.kr/updata/khgc/khgccms/cms/upload/1264/20241031093832173.png,POINT (126.852356873973 37.5549481543332),14310.0,20.57,695.6733106465726,691.1377683600286,가양,31.183333333333334,19877
117,서울특별시,서울 강서구,"서울 강서구 화곡동 162-7, 162-18 하나아이파크빌 3층 301호",다세대주택,33,37.5346764250759,126.852513949203,http://www.khug.or.kr/updata/khgc/khgccms/cms/upload/1264/20241031081711759.png,POINT (126.852513949203 37.5346764250759),17910.0,29.51,606.9129108776685,660.8143107329012,까치산,35.56666666666667,20269
116,서울특별시,서울 강서구,"서울 강서구 화곡동 366-18, 366-111 이도트라움 4층 404호",다세대주택,54,37.5342050595717,126.841418333272,http://www.khug.or.kr/updata/khgc/khgccms/cms/upload/1264/20241031093251489.png,POINT (126.841418333272 37.5342050595717),15570.0,29.58,526.369168356998,512.0618408371245,까치산,36.483333333333334,20206
115,서울특별시,서울 강서구,"서울 강서구 화곡동 366-35, 366-88 제이투리더스 4층 402호",다세대주택,30,37.5347097306515,126.840831189602,http://www.khug.or.kr/updata/khgc/khgccms/cms/upload/1264/20241031094337262.png,POINT (126.840831189602 37.5347097306515),18720.0,26.24,713.4146341463415,584.6971248123087,까치산,36.71666666666667,20259
114,서울특별시,서울 강서구,"서울 강서구 화곡동 368-32, 368-33, 368-42, 368-64, 368-65, 368-66 엔에스타운 7층 702호",다세대주택,38,37.5371934030491,126.839151468177,http://www.khug.or.kr/updata/khgc/khgccms/cms/upload/1264/20241031093503823.png,POINT (126.839151468177 37.5371934030491),19350.0,25.86,748.2598607888631,436.2209172058494,화곡,36.31666666666667,20592
113,서울특별시,서울 강서구,"서울 강서구 화곡동 368-32, 368-33, 368-42, 368-64, 368-65, 368-66 엔에스타운 7층 704호",다세대주택,38,37.5371934030491,126.839151468177,http://www.khug.or.kr/updata/khgc/khgccms/cms/upload/1264/20241031093446633.png,POINT (126.839151468177 37.5371934030491),23760.0,32.63,728.1642660128715,436.2209172058494,화곡,36.31666666666667,20592
112,서울특별시,서울 강서구,"서울 강서구 화곡동 424-47, 424-215 남광아트빌 B동 2층 203호",다세대주택,34,37.5308888219576,126.841406347774,http://www.khug.or.kr/updata/khgc/khgccms/cms/upload/1264/20241031094533694.png,POINT (126.841406347774 37.5308888219576),16380.0,25.14,651.5513126491646,512.7478219982379,까치산,34.916666666666664,21819
111,서울특별시,서울 강서구,서울 강서구 화곡동 458-25 LK드림빌 A동 3층 301호,다세대주택,78,37.5352898403885,126.854779443906,http://www.khug.or.kr/updata/khgc/khgccms/cms/upload/1264/20241030225223381.png,POINT (126.854779443906 37.5352898403885),25830.0,54.5,473.9449541284404,895.1580067275412,까치산,36.916666666666664,20602
110,서울특별시,서울 강서구,서울 강서구 화곡동 807-13 CM그랜드빌 3층 301호,다세대주택,69,37.5346875277842,126.861305391481,http://www.khug.or.kr/updata/khgc/khgccms/cms/upload/1264/20241031094128305.png,POINT (126.861305391481 37.5346875277842),16110.0,48.12,334.78802992518706,994.5693828696062,목동,35.083333333333336,18563
109,서울특별시,서울 강서구,서울 강서구 화곡동 830-5 엠팰리채 104동 3층 302호,다세대주택,26,37.5330062137858,126.858380458605,http://www.khug.or.kr/updata/khgc/khgccms/cms/upload/1264/20241030224941534.png,POINT (126.858380458605 37.5330062137858),22680.0,37.7,601.5915119363394,953.0920915266136,신정(은행정),35.8,18625
108,서울특별시,서울 강서구,"서울 강서구 화곡동 877-2, 877-3, 877-4 마크하우스 3층 303호",다세대주택,43,37.5306054212878,126.851353047309,http://www.khug.or.kr/updata/khgc/khgccms/cms/upload/1264/20241031093104719.png,POINT (126.851353047309 37.5306054212878),18990.0,29.43,645.2599388379205,544.7459859717942,까치산,34.13333333333333,19615
107,서울특별시,서울 강서구,"서울 강서구 화곡동 882-32, 882-33, 882-34 경민아트빌 6층 603호",다세대주택,36,37.5301293681764,126.852171052983,http://www.khug.or.kr/updata/khgc/khgccms/cms/upload/1264/20241031094142763.png,POINT (126.852171052983 37.5301293681764),16920.0,26.56,637.0481927710844,565.9853745797045,신정(은행정),31.95,19342
106,서울특별시,서울 강서구,"서울 강서구 화곡동 912-6, 912-7, 912-8 네오파크빌 A동 3층 302호",다세대주택,80,37.5279251720151,126.84310156486,http://www.khug.or.kr/updata/khgc/khgccms/cms/upload/1264/20241030224705110.png,POINT (126.84310156486 37.5279251720151),14850.0,36.64,405.2947598253275,559.2569637847113,까치산,32.15,21606
105,서울특별시,서울 강서구,서울 강서구 화곡동 930-1 혜성팰리스 2동 3층 302호,다세대주택,37,37.5277887170134,126.84279786646,http://www.khug.or.kr/updata/khgc/khgccms/cms/upload/1264/20241030225345957.png,POINT (126.84279786646 37.5277887170134),16830.0,29.97,561.5615615615616,587.928265650586,까치산,32.21666666666667,21626
104,서울특별시,서울 강서구,서울 강서구 화곡동 930-1 혜성팰리스 2동 3층 303호,다세대주택,53,37.5277887170134,126.84279786646,http://www.khug.or.kr/updata/khgc/khgccms/cms/upload/1264/20241030225401046.png,POINT (126.84279786646 37.5277887170134),22500.0,44.47,505.9590735327187,587.928265650586,까치산,32.21666666666667,21626
103,서울특별시,서울 강서구,"서울 강서구 화곡동 938-7, 938-8 웰타운에이 6층 603호",오피스텔(주거용),30,37.5298059208261,126.839480828851,http://www.khug.or.kr/updata/khgc/khgccms/cms/upload/1264/20241031094506785.png,POINT (126.839480828851 37.5298059208261),20340.0,27.41,742.0649398029916,731.0384986989806,까치산,33.583333333333336,21713
102,서울특별시,서울 관악구,서울 관악구 신림동 1567-6 위드비엠 6층 601호,다세대주택,210,37.4793652268979,126.915232010652,http://www.khug.or.kr/updata/khgc/khgccms/cms/upload/1264/20241031094352591.png,POINT (126.915232010652 37.4793652268979),20610.0,29.98,687.4583055370247,849.4366436598876,신대방,33.55,15173
101,서울특별시,서울 관악구,서울 관악구 신림동 610-243 우림아트빌 A동 5층 501호,다세대주택,59,37.4740487513752,126.923445706256,http://www.khug.or.kr/updata/khgc/khgccms/cms/upload/1264/20241031093517703.png,POINT (126.923445706256 37.4740487513752),15120.0,25.4,595.2755905511812,1068.167321479531,서원,39.96666666666667,16595
100,서울특별시,서울 관악구,"서울 관악구 신림동 610-393, 610-392 대성아트빌 401호",다세대주택,54,37.4765674423926,126.923319907985,http://www.khug.or.kr/updata/khgc/khgccms/cms/upload/1264/20241030225208241.png,POINT (126.923319907985 37.4765674423926),15300.0,25.93,590.0501349787891,927.9629637034712,신림,37.53333333333333,16243
99,서울특별시,서울 관악구,"서울 관악구 신림동 621-19, 621-20 스위트캐슬 4층 402호",다세대주택,70,37.4724733805581,126.919845148088,http://www.khug.or.kr/updata/khgc/khgccms/cms/upload/1264/20241031093135282.png,POINT (126.919845148088 37.4724733805581),18360.0,29.91,613.8415245737211,1412.9642273226073,서울대벤처타운,37.96666666666667,16138
98,서울특별시,서울 구로구,서울 구로구 개봉동 317-1 리치그린 A동 4층 403호,다세대주택,138,37.4937321090108,126.85027059151,http://www.khug.or.kr/updata/khgc/khgccms/cms/upload/1264/20241030225053665.png,POINT (126.85027059151 37.4937321090108),11970.0,40.65,294.4649446494465,556.2044499329385,오류동역,38.75,25067
97,서울특별시,서울 구로구,서울 구로구 개봉동 333-16 대윤빌 3층 301호,다세대주택,109,37.4913972999023,126.852682652016,http://www.khug.or.kr/updata/khgc/khgccms/cms/upload/1264/20241031093150316.png,POINT (126.852682652016 37.4913972999023),14940.0,48.46,308.2955014444903,714.0087505483391,개봉,36.85,21650
96,서울특별시,서울 구로구,"서울 구로구 구로동 466-299, 466-300, 466-301 베네치아 2층 202호",다세대주택,32,37.4937999085153,126.881231812353,http://www.khug.or.kr/updata/khgc/khgccms/cms/upload/1264/20241030225551265.png,POINT (126.881231812353 37.4937999085153),19800.0,30.0,660.0,863.8507594628227,구로역,36.916666666666664,17551
95,서울특별시,서울 구로구,서울 구로구 궁동 279-11 엠케이빌딩 4층 403호,연립주택,42,37.4984274706692,126.829368142795,http://www.khug.or.kr/updata/khgc/khgccms/cms/upload/1264/20241030224759317.png,POINT (126.829368142795 37.4984274706692),16920.0,35.7,473.94957983193274,816.7113009746204,온수역,37.2,24055
94,서울특별시,서울 구로구,서울 구로구 궁동 279-11 엠케이빌딩 4층 404호,연립주택,40,37.4984274706692,126.829368142795,http://www.khug.or.kr/updata/khgc/khgccms/cms/upload/1264/20241030224827449.png,POINT (126.829368142795 37.4984274706692),19170.0,41.98,456.64602191519776,816.7113009746204,온수역,37.2,24055
93,서울특별시,서울 구로구,서울 구로구 궁동 279-11 엠케이빌딩 6층 602호,연립주택,39,37.4984274706692,126.829368142795,http://www.khug.or.kr/updata/khgc/khgccms/cms/upload/1264/20241031074824254.png,POINT (126.829368142795 37.4984274706692),18180.0,38.22,475.66718995290427,816.7113009746204,온수역,37.18333333333333,24055
92,서울특별시,서울 금천구,서울 금천구 가산동 140-23 몽삐에뜨6차 10층 1001호,오피스텔(주거용),50,37.4786487439725,126.889884334596,http://www.khug.or.kr/updata/khgc/khgccms/cms/upload/1264/20241031094242646.png,POINT (126.889884334596 37.4786487439725),21240.0,28.67,740.8440878967562,702.7695999722785,남구로,38.666666666666664,17242
91,서울특별시,서울 금천구,서울 금천구 가산동 140-23 몽삐에뜨6차 10층 1004호,오피스텔(주거용),70,37.4786487439725,126.889884334596,http://www.khug.or.kr/updata/khgc/khgccms/cms/upload/1264/20241031094454216.png,POINT (126.889884334596 37.4786487439725),19080.0,25.82,738.9620449264136,702.7695999722785,남구로,38.666666666666664,17242
90,서울특별시,서울 금천구,서울 금천구 가산동 140-23 몽삐에뜨6차 7층 701호,오피스텔(주거용),54,37.4786487439725,126.889884334596,http://www.khug.or.kr/updata/khgc/khgccms/cms/upload/1264/20241031094111240.png,POINT (126.889884334596 37.4786487439725),20970.0,28.67,731.4265783048482,702.7695999722785,남구로,38.666666666666664,17242
89,서울특별시,서울 금천구,서울 금천구 가산동 140-23 몽삐에뜨6차 9층 903호,오피스텔(주거용),56,37.4786487439725,126.889884334596,http://www.khug.or.kr/updata/khgc/khgccms/cms/upload/1264/20241031094159508.png,POINT (126.889884334596 37.4786487439725),21600.0,29.48,732.7001356852103,702.7695999722785,남구로,38.666666666666664,17242
88,서울특별시,서울 금천구,"서울 금천구 가산동 143-3, 143-5 하이펠리스 3층 303호",오피스텔(주거용),70,37.4779019465997,126.890908476469,http://www.khug.or.kr/updata/khgc/khgccms/cms/upload/1264/20241031094322249.png,POINT (126.890908476469 37.4779019465997),26010.0,34.51,753.6945812807883,817.6739563340625,남구로,39.15,17239
87,서울특별시,서울 금천구,"서울 금천구 가산동 234-2, 234-3 금강노블레스 101동 12층 1204호",오피스텔(주거용),40,37.4733380299369,126.893538760243,http://www.khug.or.kr/updata/khgc/khgccms/cms/upload/1264/20241030225521434.png,POINT (126.893538760243 37.4733380299369),22860.0,30.69,744.8680351906158,805.7358022591603,독산,40.1,18791
86,서울특별시,서울 금천구,"서울 금천구 가산동 234-2, 234-3 금강노블레스 102동 5층 503호",오피스텔(주거용),33,37.4733380299369,126.893538760243,http://www.khug.or.kr/updata/khgc/khgccms/cms/upload/1264/20241030224727223.png,POINT (126.893538760243 37.4733380299369),22590.0,30.69,736.0703812316715,805.7358022591603,독산,40.1,18791
85,서울특별시,서울 금천구,"서울 금천구 가산동 234-2, 234-3 금강노블레스 102동 9층 902호",오피스텔(주거용),33,37.4733380299369,126.893538760243,http://www.khug.or.kr/updata/khgc/khgccms/cms/upload/1264/20241030224741043.png,POINT (126.893538760243 37.4733380299369),22860.0,30.69,744.8680351906158,805.7358022591603,독산,41.016666666666666,17300
84,서울특별시,서울 금천구,서울 금천구 독산동 147-52 희경하우징 4층 402호,다세대주택,21,37.4755122205291,126.896335877662,http://www.khug.or.kr/updata/khgc/khgccms/cms/upload/1264/20241031093611703.png,POINT (126.896335877662 37.4755122205291),18720.0,26.44,708.018154311649,1091.6553811011518,구로디지털단지,37.78333333333333,16946
83,서울특별시,서울 금천구,서울 금천구 독산동 147-74 해바라기빌 6층 601호,다세대주택,36,37.4752550616965,126.896941627797,http://www.khug.or.kr/updata/khgc/khgccms/cms/upload/1264/20241030224846356.png,POINT (126.896941627797 37.4752550616965),18540.0,30.38,610.2699144173798,1091.9256801315466,구로디지털단지,37.86666666666667,16971
82,서울특별시,서울 금천구,서울 금천구 독산동 164-17 마인드빌 B동 2층 201호,다세대주택,26,37.4717117457434,126.901802876442,http://www.khug.or.kr/updata/khgc/khgccms/cms/upload/1264/20241031093218935.png,POINT (126.901802876442 37.4717117457434),16380.0,28.85,567.7642980935875,1358.1834263356152,독산,40.75,17234
81,서울특별시,서울 금천구,서울 금천구 독산동 164-17 마인드빌 B동 4층 403호,다세대주택,41,37.4717117457434,126.901802876442,http://www.khug.or.kr/updata/khgc/khgccms/cms/upload/1264/20241031093318689.png,POINT (126.901802876442 37.4717117457434),18090.0,35.1,515.3846153846154,1358.1834263356152,독산,40.75,17234
80,서울특별시,서울 금천구,서울 금천구 독산동 164-17 마인드빌 B동 5층 501호,다세대주택,28,37.4717117457434,126.901802876442,http://www.khug.or.kr/updata/khgc/khgccms/cms/upload/1264/20241031092436734.png,POINT (126.901802876442 37.4717117457434),16560.0,28.85,574.003466204506,1358.1834263356152,독산,40.68333333333333,17234
79,서울특별시,서울 금천구,서울 금천구 독산동 378-335 2층 201호,다세대주택,23,37.4640657929603,126.905366032785,http://www.khug.or.kr/updata/khgc/khgccms/cms/upload/1264/20241031101246185.png,POINT (126.905366032785 37.4640657929603),16740.0,29.02,576.8435561681599,1375.7389419062786,금천구청역,36.45,27028
78,서울특별시,서울 금천구,"서울 금천구 독산동 877-1, 960-3 골드마운틴 4층 402호",다세대주택,50,37.4790834742234,126.904475872421,http://www.khug.or.kr/updata/khgc/khgccms/cms/upload/1264/20241031092419431.png,POINT (126.904475872421 37.4790834742234),18990.0,27.5,690.5454545454545,731.7523458565167,구로디지털단지,35.85,16036
77,서울특별시,서울 도봉구,서울 도봉구 도봉동 583-22 타운벨리2 103동 3층 302호,다세대주택,64,37.6808237934641,127.044010111917,http://www.khug.or.kr/updata/khgc/khgccms/cms/upload/1264/20241031093747729.png,POINT (127.044010111917 37.6808237934641),15930.0,30.15,528.3582089552239,611.9110906301144,도봉역,28.683333333333334,24500
76,서울특별시,서울 도봉구,"서울 도봉구 쌍문동 425-3, 423-102 루미에르 5층 502호",다세대주택,99,37.6523156521834,127.013444535713,http://www.khug.or.kr/updata/khgc/khgccms/cms/upload/1264/20241030224925787.png,POINT (127.013444535713 37.6523156521834),12960.0,29.95,432.72120200333893,2188.581536422606,쌍문,39.03333333333333,20027
75,서울특별시,서울 도봉구,"서울 도봉구 쌍문동 460-331, 460-329, 460-330, 460-332 휴포레 2동 4층 402호",다세대주택,31,37.6518111822816,127.022402799525,http://www.khug.or.kr/updata/khgc/khgccms/cms/upload/1264/20241031093638996.png,POINT (127.022402799525 37.6518111822816),13680.0,26.71,512.1677274429053,1297.914351225314,쌍문,37.6,19782
74,서울특별시,서울 도봉구,"서울 도봉구 쌍문동 460-331, 460-329, 460-330, 460-332 휴포레 2동 4층 403호",다세대주택,29,37.6518111822816,127.022402799525,http://www.khug.or.kr/updata/khgc/khgccms/cms/upload/1264/20241031093732207.png,POINT (127.022402799525 37.6518111822816),13680.0,26.71,512.1677274429053,1297.914351225314,쌍문,37.583333333333336,19782
73,서울특별시,서울 동작구,서울 동작구 상도동 210-172 상도젠트리하임 5층 501호,다세대주택,467,37.497818400301,126.942266150867,http://www.khug.or.kr/updata/khgc/khgccms/cms/upload/1264/20241031095539916.png,POINT (126.942266150867 37.497818400301),18630.0,28.77,647.5495307612096,759.5340831674594,상도,23.566666666666666,10815
72,서울특별시,서울 서대문구,"서울 서대문구 홍은동 265-416, 265-345 대호아트빌 3층 303호",다세대주택,126,37.5872958937644,126.930941079061,http://www.khug.or.kr/updata/khgc/khgccms/cms/upload/1264/20241030225444815.png,POINT (126.930941079061 37.5872958937644),12330.0,28.05,439.572192513369,1444.4819477606263,녹번,35.55,17009
71,서울특별시,서울 성북구,서울 성북구 석관동 411 혜성스테이3차 102동 2층 201호,다세대주택,273,37.6068723309381,127.051052859052,http://www.khug.or.kr/updata/khgc/khgccms/cms/upload/1264/20241031091820933.png,POINT (127.051052859052 37.6068723309381),17910.0,27.61,648.6780152118797,134.38292021992328,상월곡(한국과학기술연구원),25.516666666666666,18258
70,서울특별시,서울 성북구,서울 성북구 정릉동 670-39 성원하이츠 4층 402호,다세대주택,116,37.6093190595981,127.003402178331,http://www.khug.or.kr/updata/khgc/khgccms/cms/upload/1264/20241031081909507.png,POINT (127.003402178331 37.6093190595981),12870.0,29.98,429.28619079386254,2102.54745283579,성신여대입구(돈암),26.116666666666667,17097
69,서울특별시,서울 성북구,"서울 성북구 하월곡동 90-1817, 90-1818, 90-1819 명남더블레스 5층 506호",오피스텔(주거용),315,37.6056138951068,127.032549213111,http://www.khug.or.kr/updata/khgc/khgccms/cms/upload/1264/20241031092349592.png,POINT (127.032549213111 37.6056138951068),22230.0,45.49,488.6788305122005,809.912614885938,길음,20.6,14184
68,서울특별시,서울 양천구,서울 양천구 목동 785-2 형지그레이스 C동 3층 402호,다세대주택,94,37.5352572161352,126.864710838556,http://www.khug.or.kr/updata/khgc/khgccms/cms/upload/1264/20241031093803476.png,POINT (126.864710838556 37.5352572161352),23760.0,44.09,538.8977092311181,936.3567592697572,목동,35.21666666666667,20877
67,서울특별시,서울 양천구,서울 양천구 신월동 1072 아레테시티 102동 5층 502호,다세대주택,38,37.5243324582065,126.829409843255,http://www.khug.or.kr/updata/khgc/khgccms/cms/upload/1264/20241030225416947.png,POINT (126.829409843255 37.5243324582065),20250.0,49.8,406.6265060240964,1874.3395722388545,까치산,35.25,21542
66,서울특별시,서울 양천구,"서울 양천구 신월동 131-2, 131-3 그라비스 102동 7층 703호",오피스텔(주거용),31,37.5316190596553,126.831626577507,http://www.khug.or.kr/updata/khgc/khgccms/cms/upload/1264/20241031094021655.png,POINT (126.831626577507 37.5316190596553),17100.0,29.65,576.7284991568297,1328.603286330477,화곡,31.9,21233
65,서울특별시,서울 양천구,"서울 양천구 신월동 131-2, 131-3 그라비스 102동 7층 704호",오피스텔(주거용),30,37.5316190596553,126.831626577507,http://www.khug.or.kr/updata/khgc/khgccms/cms/upload/1264/20241030225034139.png,POINT (126.831626577507 37.5316190596553),17100.0,29.65,576.7284991568297,1328.603286330477,화곡,31.9,21233
64,서울특별시,서울 양천구,"서울 양천구 신월동 29-4, 29-5 가온빌 5층 502호",다세대주택,37,37.5403250419975,126.826204638159,http://www.khug.or.kr/updata/khgc/khgccms/cms/upload/1264/20241031081656578.png,POINT (126.826204638159 37.5403250419975),13230.0,27.95,473.34525939177104,1354.4122276387307,우장산,34.95,22452
63,서울특별시,서울 양천구,서울 양천구 신월동 420-8 영신트라움 101동 3층 302호,다세대주택,42,37.5234583058224,126.837918033948,http://www.khug.or.kr/updata/khgc/khgccms/cms/upload/1264/20241031081956026.png,POINT (126.837918033948 37.5234583058224),17550.0,40.84,429.7257590597453,1233.1962731940057,까치산,33.36666666666667,21061
62,서울특별시,서울 양천구,서울 양천구 신월동 421-1 웨인빌 102동 6층 602호,다세대주택,33,37.5240832901792,126.837954239654,http://www.khug.or.kr/updata/khgc/khgccms/cms/upload/1264/20241030225458000.png,POINT (126.837954239654 37.5240832901792),17100.0,33.05,517.3978819969743,1185.382903427514,까치산,30.516666666666666,20115
61,서울특별시,서울 양천구,"서울 양천구 신월동 72-2, 72-3 라온미브빌 5층 501호",다세대주택,60,37.5383587950261,126.831996917391,http://www.khug.or.kr/updata/khgc/khgccms/cms/upload/1264/20241031081606081.png,POINT (126.831996917391 37.5383587950261),13140.0,27.79,472.8319539402663,925.6700393436682,화곡,34.88333333333333,22549
60,서울특별시,서울 양천구,서울 양천구 신월동 94-10 큐브투 7층 703호,오피스텔(주거용),31,37.5361023496827,126.831945973351,http://www.khug.or.kr/updata/khgc/khgccms/cms/upload/1264/20241031094519711.png,POINT (126.831945973351 37.5361023496827),22050.0,41.49,531.4533622559653,1022.994715768017,화곡,34.5,22455
59,서울특별시,서울 은평구,서울 은평구 구산동 16-59 영신하우징 B동 5층 501호,다세대주택,107,37.6092173567818,126.911495812651,http://www.khug.or.kr/updata/khgc/khgccms/cms/upload/1264/20241031092259154.png,POINT (126.911495812651 37.6092173567818),16920.0,34.87,485.23085747060514,602.6325853101088,구산,38.983333333333334,25485
58,서울특별시,서울 은평구,서울 은평구 불광동 281-41 샹그리라 5층 501호,오피스텔(주거용),242,37.6113077868418,126.931161480344,http://www.khug.or.kr/updata/khgc/khgccms/cms/upload/1264/20241104195719042.png,POINT (126.931161480344 37.6113077868418),25920.0,46.55,556.8206229860366,158.08905700737677,불광,41.05,18487
57,서울특별시,서울 은평구,서울 은평구 역촌동 57-22 블레스타운 4층 402호,다세대주택,106,37.6048449938994,126.911801893401,http://www.khug.or.kr/updata/khgc/khgccms/cms/upload/1264/20241031082032615.png,POINT (126.911801893401 37.6048449938994),15570.0,29.41,529.4117647058823,660.5638870557848,응암,37.03333333333333,25040
56,서울특별시,서울 은평구,"서울 은평구 역촌동 67-24, 67-25 해창위너스빌 4층 403호",다세대주택,226,37.6034184600567,126.91277647363,http://www.khug.or.kr/updata/khgc/khgccms/cms/upload/1264/20241031081934935.png,POINT (126.91277647363 37.6034184600567),17730.0,51.53,344.07141470987773,491.6294836375838,응암,38.18333333333333,25332
55,인천광역시,인천 남동구,인천 남동구 간석동 101-3 해담가 16층 1602호,오피스텔(주거용),10,37.4669063946197,126.711497890077,http://www.khug.or.kr/updata/khgc/khgccms/cms/upload/1264/20241031092200685.png,POINT (126.711497890077 37.4669063946197),14670.0,70.88,206.96952595936796,334.69651424778357,간석오거리,50.75,42027
54,인천광역시,인천 남동구,"인천 남동구 간석동 102-1, 102-11, 102-13, 102-14 와이지캐슬 12층 1203호",오피스텔(주거용),6,37.4669098749715,126.711152202275,http://www.khug.or.kr/updata/khgc/khgccms/cms/upload/1264/20241031082136512.png,POINT (126.711152202275 37.4669098749715),19980.0,83.5624,239.1027543488459,300.2750258503628,간석오거리,51.416666666666664,42176
53,인천광역시,인천 남동구,인천 남동구 간석동 235-1 미목연 6층 601호,오피스텔(주거용),19,37.4681636439619,126.704418258236,http://www.khug.or.kr/updata/khgc/khgccms/cms/upload/1264/20241031093625436.png,POINT (126.704418258236 37.4681636439619),12240.0,66.96,182.7956989247312,320.58136889176245,동암역,49.75,41316
52,인천광역시,인천 남동구,"인천 남동구 간석동 48-12, 48-13, 48-14 센트럴씨티 9층 901호",오피스텔(주거용),3,37.465497713515,126.715081610705,http://www.khug.or.kr/updata/khgc/khgccms/cms/upload/1264/20241030225128382.png,POINT (126.715081610705 37.465497713515),19260.0,77.9243,247.16295173649297,701.5138968590661,간석오거리,47.05,43230
51,인천광역시,인천 남동구,인천 남동구 간석동 617-112 코쿠닝60 3층 303호,오피스텔(주거용),8,37.4692738495686,126.691855724451,http://www.khug.or.kr/updata/khgc/khgccms/cms/upload/1264/20241031093818254.png,POINT (126.691855724451 37.4692738495686),14040.0,71.397,196.64691793772846,485.5547394967016,간석,48.1,40458
50,인천광역시,인천 남동구,인천 남동구 구월동 1133-13 더클래스 5층 506호,오피스텔(주거용),48,37.4536970093702,126.7041162476,http://www.khug.or.kr/updata/khgc/khgccms/cms/upload/1264/20241031092145724.png,POINT (126.7041162476 37.4536970093702),14850.0,76.7145,193.5748782824629,412.35569400147904,인천시청,48.78333333333333,44374
49,인천광역시,인천 남동구,인천 남동구 만수동 367-2 우진베스트빌 3층 302호,다세대주택,10,37.4503217054262,126.73735431829,http://www.khug.or.kr/updata/khgc/khgccms/cms/upload/1264/20241031081619402.png,POINT (126.73735431829 37.4503217054262),10080.0,40.53,248.70466321243524,226.64901073692866,남동구청,40.88333333333333,40523
48,인천광역시,인천 미추홀구,인천 미추홀구 숭의동 182-4 다우림 201동 9층 907호,오피스텔(주거용),6,37.4636573638833,126.647333853675,http://www.khug.or.kr/updata/khgc/khgccms/cms/upload/1264/20241030225430542.png,POINT (126.647333853675 37.4636573638833),14130.0,77.8,181.61953727506426,922.0197008254397,숭의역(인하대병원),52.81666666666667,42895
47,인천광역시,인천 미추홀구,"인천 미추홀구 숭의동 303-1, 303-168 휴프라임 10층 1004호",오피스텔(주거용),14,37.4610416964629,126.644403054142,http://www.khug.or.kr/updata/khgc/khgccms/cms/upload/1264/20241031081849037.png,POINT (126.644403054142 37.4610416964629),15390.0,83.1878,185.00308939532,589.89953351369,숭의역(인하대병원),51.233333333333334,45550
46,인천광역시,인천 미추홀구,"인천 미추홀구 숭의동 303-92, 303-100 샤인힐 9층 902호",오피스텔(주거용),6,37.4604534995205,126.644366731338,http://www.khug.or.kr/updata/khgc/khgccms/cms/upload/1264/20241030224859978.png,POINT (126.644366731338 37.4604534995205),16020.0,71.554,223.88685468317632,588.8177419253519,숭의역(인하대병원),51.7,45644
45,인천광역시,인천 미추홀구,"인천 미추홀구 숭의동 303-92, 303-100 샤인힐 9층 903호",오피스텔(주거용),8,37.4604534995205,126.644366731338,http://www.khug.or.kr/updata/khgc/khgccms/cms/upload/1264/20241030224912807.png,POINT (126.644366731338 37.4604534995205),13050.0,58.46,223.22955867259665,588.8177419253519,숭의역(인하대병원),51.7,45644
44,인천광역시,인천 미추홀구,인천 미추홀구 숭의동 340-14 솔하임 7층 703호,오피스텔(주거용),10,37.4606329155085,126.64341835337,http://www.khug.or.kr/updata/khgc/khgccms/cms/upload/1264/20241031093659993.png,POINT (126.64341835337 37.4606329155085),14400.0,80.95,177.8875849289685,492.80307630856674,숭의역(인하대병원),50.56666666666667,45464
43,인천광역시,인천 미추홀구,인천 미추홀구 주안동 1485 탑클래시아 11층 1104호,오피스텔(주거용),7,37.4509729048657,126.682053611862,http://www.khug.or.kr/updata/khgc/khgccms/cms/upload/1264/20241031093417937.png,POINT (126.682053611862 37.4509729048657),14310.0,58.53,244.49000512557663,748.8391620774453,시민공원(문화창작지대),44.4,45703
42,인천광역시,인천 미추홀구,인천 미추홀구 주안동 1485 탑클래시아 7층 702호,오피스텔(주거용),7,37.4509729048657,126.682053611862,http://www.khug.or.kr/updata/khgc/khgccms/cms/upload/1264/20241031093332241.png,POINT (126.682053611862 37.4509729048657),14220.0,59.34,239.6359959555106,748.8391620774453,시민공원(문화창작지대),44.4,45703
41,인천광역시,인천 미추홀구,인천 미추홀구 주안동 1485 탑클래시아 8층 803호,오피스텔(주거용),7,37.4509729048657,126.682053611862,http://www.khug.or.kr/updata/khgc/khgccms/cms/upload/1264/20241031094054194.png,POINT (126.682053611862 37.4509729048657),14220.0,59.34,239.6359959555106,748.8391620774453,시민공원(문화창작지대),44.4,45703
40,인천광역시,인천 미추홀구,인천 미추홀구 주안동 201-15 엔에스파크 5층 503호,오피스텔(주거용),13,37.4605320636976,126.677099176457,http://www.khug.or.kr/updata/khgc/khgccms/cms/upload/1264/20241031092314174.png,POINT (126.677099176457 37.4605320636976),10440.0,56.64,184.32203389830508,451.8736815807382,시민공원(문화창작지대),44.85,41023
39,인천광역시,인천 미추홀구,인천 미추홀구 주안동 415-35 엠파크 2층 202호,다세대주택,11,37.4546917919877,126.683384740096,http://www.khug.or.kr/updata/khgc/khgccms/cms/upload/1264/20241031081803707.png,POINT (126.683384740096 37.4546917919877),9900.0,35.89,275.8428531624408,436.3215623873262,시민공원(문화창작지대),48.71666666666667,42096
38,인천광역시,인천 미추홀구,인천 미추홀구 학익동 244-28 휴먼프라임 A동 5층 501호,다세대주택,15,37.4417816276098,126.668999138661,http://www.khug.or.kr/updata/khgc/khgccms/cms/upload/1264/20241031081731136.png,POINT (126.668999138661 37.4417816276098),9000.0,64.11,140.38371548900327,2008.7555706790674,인하대역,43.75,44986
37,인천광역시,인천 부평구,"인천 부평구 부평동 116-9, 116-18 유엔어스 101동 6층 603호",오피스텔(주거용),4,37.4988139822635,126.732319545106,http://www.khug.or.kr/updata/khgc/khgccms/cms/upload/1264/20241031093953937.png,POINT (126.732319545106 37.4988139822635),17010.0,70.64,240.79841449603623,828.3205374815403,굴포천,47.416666666666664,32969
36,인천광역시,인천 부평구,인천 부평구 부평동 134-13 제이와이팰리스 3층 301호,오피스텔(주거용),22,37.4948185470398,126.730447041294,http://www.khug.or.kr/updata/khgc/khgccms/cms/upload/1264/20241031093553747.png,POINT (126.730447041294 37.4948185470398),11700.0,55.43,211.07703409705937,821.942698977171,부평,46.38333333333333,33064
35,인천광역시,인천 부평구,인천 부평구 부평동 406-37 아미파크뷰 9층 901호,오피스텔(주거용),11,37.5010916314643,126.72743459376,http://www.khug.or.kr/updata/khgc/khgccms/cms/upload/1264/20241031093939812.png,POINT (126.72743459376 37.5010916314643),20700.0,83.71,247.2822840759766,582.1589592002085,부평시장,44.78333333333333,32746
34,인천광역시,인천 부평구,인천 부평구 부평동 409-3 미래안위브 13층 1303호,오피스텔(주거용),9,37.4998602936284,126.726565343407,http://www.khug.or.kr/updata/khgc/khgccms/cms/upload/1264/20241031092114552.png,POINT (126.726565343407 37.4998602936284),15300.0,57.36,266.73640167364016,453.7037990617433,부평시장,46.88333333333333,33201
33,인천광역시,인천 부평구,인천 부평구 부평동 415-8 인스테이션 5층 502호,오피스텔(주거용),10,37.4992723391443,126.725494958987,http://www.khug.or.kr/updata/khgc/khgccms/cms/upload/1264/20241030225610225.png,POINT (126.725494958987 37.4992723391443),13500.0,61.37,219.97718755092066,334.2189037111332,부평시장,46.63333333333333,33255
32,인천광역시,인천 부평구,"인천 부평구 부평동 433-180, 433-181 엘비스32 12층 1202호",오피스텔(주거용),10,37.5037364336157,126.722442017119,http://www.khug.or.kr/updata/khgc/khgccms/cms/upload/1264/20241031081823962.png,POINT (126.722442017119 37.5037364336157),17280.0,71.03,243.27748838518934,488.5201608924826,부평구청,43.65,32384
31,인천광역시,인천 부평구,인천 부평구 부평동 433-186 새일 9층 902호,오피스텔(주거용),6,37.5017000332601,126.724656429666,http://www.khug.or.kr/updata/khgc/khgccms/cms/upload/1264/20241030225141033.png,POINT (126.724656429666 37.5017000332601),16740.0,58.07,288.27277423798864,406.2967480982122,부평시장,44.61666666666667,32845
30,인천광역시,인천 부평구,인천 부평구 부평동 452-26 블루밍 B동 5층 507호,오피스텔(주거용),9,37.4925947279727,126.731216049197,http://www.khug.or.kr/updata/khgc/khgccms/cms/upload/1264/20241031093235047.png,POINT (126.731216049197 37.4925947279727),15480.0,64.4,240.3726708074534,759.5361946875017,부개역,47.15,33043
29,인천광역시,인천 부평구,인천 부평구 부평동 508-5 엠타워9 7층 704호,오피스텔(주거용),17,37.4908116554264,126.731104274749,http://www.khug.or.kr/updata/khgc/khgccms/cms/upload/1264/20241031081642715.png,POINT (126.731104274749 37.4908116554264),17280.0,67.24,256.9898869720405,694.8141695573681,부개역,47.06666666666667,33162
28,인천광역시,인천 부평구,"인천 부평구 부평동 756-233, 756-144, 756-146, 756-148, 756-219, 756-231, 756-232, 756-244 서호카운티 6층 602호",오피스텔(주거용),15,37.484643437314,126.715698962542,http://www.khug.or.kr/updata/khgc/khgccms/cms/upload/1264/20241030225155452.png,POINT (126.715698962542 37.484643437314),16110.0,78.46,205.3275554422636,231.98387564002084,동수,48.55,36479
27,인천광역시,인천 부평구,"인천 부평구 일신동 105-11, 105-5 세창주택 3층 302호",다세대주택,5,37.4850330896482,126.743685232296,http://www.khug.or.kr/updata/khgc/khgccms/cms/upload/1264/20241031094308314.png,POINT (126.743685232296 37.4850330896482),13590.0,54.81,247.94745484400656,698.7468865375494,부개역,42.2,33789
26,인천광역시,인천 부평구,인천 부평구 청천동 9-8 가나안캐슬 8층 801호,오피스텔(주거용),4,37.5195833699271,126.705814704662,http://www.khug.or.kr/updata/khgc/khgccms/cms/upload/1264/20241031082152436.png,POINT (126.705814704662 37.5195833699271),18000.0,74.23,242.48955947730028,1124.3239892217243,산곡,42.983333333333334,32497
25,인천광역시,인천 서구,인천 서구 검암동 505-4 보람아트빌 B동 3층 303호,다세대주택,16,37.5671348029856,126.682075431835,http://www.khug.or.kr/updata/khgc/khgccms/cms/upload/1264/20241031091807111.png,POINT (126.682075431835 37.5671348029856),10080.0,47.7,211.32075471698113,680.7889242045599,검암,48.36666666666667,42060
24,인천광역시,인천 서구,인천 서구 검암동 654-7 다온빌 1동 5층 501호,다세대주택,19,37.5577367115374,126.676202014191,http://www.khug.or.kr/updata/khgc/khgccms/cms/upload/1264/20241030225108250.png,POINT (126.676202014191 37.5577367115374),9720.0,42.023,231.301906099041,374.03821067301453,검바위,43.6,40422
23,인천광역시,인천 서구,인천 서구 검암동 683-2 단아빌 2층 201호,다세대주택,8,37.5549486320506,126.671100734843,http://www.khug.or.kr/updata/khgc/khgccms/cms/upload/1264/20241031082120367.png,POINT (126.671100734843 37.5549486320506),12240.0,59.01,207.4224707676665,699.9526864514755,아시아드경기장(공촌사거리),42.86666666666667,40122
22,인천광역시,인천 서구,인천 서구 당하동 1085-5 골드클래스 102동 2층 201호,다세대주택,20,37.5875753470355,126.673638085411,http://www.khug.or.kr/updata/khgc/khgccms/cms/upload/1264/20241030225019242.png,POINT (126.673638085411 37.5875753470355),12420.0,67.05,185.23489932885906,350.56600966048376,독정,49.666666666666664,39024
21,인천광역시,인천 서구,인천 서구 연희동 741-14 그린스마트빌 1동 5층 501호,다세대주택,6,37.5484029463696,126.674398075807,http://www.khug.or.kr/updata/khgc/khgccms/cms/upload/1264/20241030225535702.png,POINT (126.674398075807 37.5484029463696),12600.0,49.15,256.35808748728385,398.63294971298825,아시아드경기장(공촌사거리),51.36666666666667,37140
20,인천광역시,인천 서구,"인천 서구 청라동 162-22, 162-23 청라에일린의뜰 3층 326호",오피스텔(주거용),33,37.53221421456,126.652919800119,http://www.khug.or.kr/updata/khgc/khgccms/cms/upload/1264/20241031093716631.png,POINT (126.652919800119 37.53221421456),7470.0,34.18,218.54885898186075,2359.1233083039638,가정(루원시티),45.9,37029
19,경기도,경기 부천시 소사구,경기 부천시 소사구 송내동 599-4 삼성베스티안 4층 401호,다세대주택,18,37.4806191744437,126.773649602802,http://www.khug.or.kr/updata/khgc/khgccms/cms/upload/1264/20241031093540748.png,POINT (126.773649602802 37.4806191744437),10710.0,35.75,299.5804195804196,765.0301756337095,중동역,46.95,35267
18,경기도,경기 부천시 소사구,경기 부천시 소사구 송내동 679-12 SK프리모빌 2층 202호,다세대주택,13,37.4775909519501,126.771529221153,http://www.khug.or.kr/updata/khgc/khgccms/cms/upload/1264/20241031094424781.png,POINT (126.771529221153 37.4775909519501),15480.0,55.62,278.31715210355986,910.1113923727667,중동역,48.483333333333334,35578
17,경기도,경기 부천시 소사구,"경기 부천시 소사구 심곡본동 723-9, 723-10 동림그린타운 2층 203호",다세대주택,24,37.4792227277368,126.781853691369,http://www.khug.or.kr/updata/khgc/khgccms/cms/upload/1264/20241031094409276.png,POINT (126.781853691369 37.4792227277368),11430.0,46.65,245.01607717041801,488.07633220944723,부천역,42.43333333333333,37444
16,경기도,경기 부천시 오정구,"경기 부천시 오정구 고강동 360-20, 360-28 신안인스빌 2층 202호",다세대주택,16,37.5298186294401,126.821409828534,http://www.khug.or.kr/updata/khgc/khgccms/cms/upload/1264/20241031091837123.png,POINT (126.821409828534 37.5298186294401),10800.0,36.54,295.5665024630542,1730.295570616848,원종역,38.6,23833
15,경기도,경기 부천시 오정구,경기 부천시 오정구 고강동 403 푸른마을 2층 203호,다세대주택,7,37.5240146367151,126.820567416038,http://www.khug.or.kr/updata/khgc/khgccms/cms/upload/1264/20241031092130311.png,POINT (126.820567416038 37.5240146367151),20700.0,64.45,321.1792086889061,1574.212592449543,원종역,38.13333333333333,23629
14,경기도,경기 부천시 오정구,경기 부천시 오정구 고강동 408-9 예다움 2층 201호,다세대주택,7,37.5261619571709,126.822871687588,http://www.khug.or.kr/updata/khgc/khgccms/cms/upload/1264/20241031082011177.png,POINT (126.822871687588 37.5261619571709),18720.0,67.51,277.2922529995556,1807.612031933259,원종역,37.666666666666664,23460
13,경기도,경기 부천시 오정구,경기 부천시 오정구 삼정동 304-19 퍼스트빌 102동 3층 303호,다세대주택,8,37.5183392978441,126.771603788737,http://www.khug.or.kr/updata/khgc/khgccms/cms/upload/1264/20241031092404084.png,POINT (126.771603788737 37.5183392978441),15300.0,52.97,288.84274117424957,1540.7336764986287,부평구청,37.733333333333334,26276
12,경기도,경기 부천시 오정구,경기 부천시 오정구 원종동 289-3 명품팰리스 B동 5층 502호,다세대주택,14,37.5224772439019,126.809232741009,http://www.khug.or.kr/updata/khgc/khgccms/cms/upload/1264/20241031093304895.png,POINT (126.809232741009 37.5224772439019),14040.0,37.47,374.6997598078463,497.1668413431455,원종역,40.583333333333336,24570
11,경기도,경기 부천시 원미구,경기 부천시 원미구 도당동 128-1 대현빌 2동 2층 201호,다세대주택,8,37.5191047573285,126.794338673538,http://www.khug.or.kr/updata/khgc/khgccms/cms/upload/1264/20241031093204123.png,POINT (126.794338673538 37.5191047573285),18900.0,51.54,366.7054714784633,1195.912088998393,원종역,42.8,26519
10,경기도,경기 부천시 원미구,경기 부천시 원미구 약대동 149-2 그랜드캐슬 B동 2층 202호,다세대주택,11,37.5113005712172,126.770947730726,http://www.khug.or.kr/updata/khgc/khgccms/cms/upload/1264/20241031092216665.png,POINT (126.770947730726 37.5113005712172),21060.0,56.5,372.7433628318584,957.5089105153266,부평구청,40.6,27279
9,경기도,경기 부천시 원미구,"경기 부천시 원미구 약대동 72-6, 72-21, 72-22 제네스빌 C동 3층 301호",다세대주택,17,37.5130246084772,126.768023344183,http://www.khug.or.kr/updata/khgc/khgccms/cms/upload/1264/20241031092245951.png,POINT (126.768023344183 37.5130246084772),16200.0,63.02,257.06125039669945,901.0175604483214,부평구청,40.4,26994
8,경기도,경기 부천시 원미구,경기 부천시 원미구 역곡동 226-15 예림에버그린 4층 401호,다세대주택,44,37.4905222143045,126.816032625441,http://www.khug.or.kr/updata/khgc/khgccms/cms/upload/1264/20241031094038374.png,POINT (126.816032625441 37.4905222143045),9540.0,33.76,282.5829383886256,546.3322240663845,온수(성공회대입구),42.88333333333333,27010
7,경기도,경기 부천시 원미구,경기 부천시 원미구 역곡동 27-83 클래시안 2층 202호,다세대주택,14,37.4842353597396,126.803775326109,http://www.khug.or.kr/updata/khgc/khgccms/cms/upload/1264/20241031093431705.png,POINT (126.803775326109 37.4842353597396),15120.0,36.67,412.32615216798473,795.2548549414713,소사(서울신대),46.733333333333334,28466
6,경기도,경기 부천시 원미구,경기 부천시 원미구 원미동 169-1 수팰리스 A동 5층 501호,다세대주택,7,37.4941316688543,126.792038698835,http://www.khug.or.kr/updata/khgc/khgccms/cms/upload/1264/20241031082231825.png,POINT (126.792038698835 37.4941316688543),18630.0,43.05,432.75261324041816,1082.6345433503295,춘의,44.75,27511
5,경기도,경기 부천시 원미구,경기 부천시 원미구 원미동 169-1 수팰리스 B동 4층 403호,다세대주택,12,37.4941316688543,126.792038698835,http://www.khug.or.kr/updata/khgc/khgccms/cms/upload/1264/20241031082331502.png,POINT (126.792038698835 37.4941316688543),14400.0,34.92,412.3711340206185,1082.6345433503295,춘의,44.75,27511
4,경기도,경기 부천시 원미구,"경기 부천시 원미구 원미동 200-2, 200-4 송원리치빌 4층 402호",다세대주택,16,37.4886849589155,126.789119232135,http://www.khug.or.kr/updata/khgc/khgccms/cms/upload/1264/20241031093846637.png,POINT (126.789119232135 37.4886849589155),15480.0,58.2,265.97938144329896,796.5982349063854,부천역,48.083333333333336,28957
3,경기도,경기 부천시 원미구,"경기 부천시 원미구 원미동 201-14, 201-17, 201-18 수팰리스 2층 202호",다세대주택,23,37.4885927574007,126.789557985403,http://www.khug.or.kr/updata/khgc/khgccms/cms/upload/1264/20241031092229926.png,POINT (126.789557985403 37.4885927574007),19080.0,67.15,284.1399851079672,827.5190436538078,부천역,48.46666666666667,29040
2,경기도,경기 부천시 원미구,경기 부천시 원미구 원미동 42-1 해냄스토리주건축물 1동 10층 1002호,오피스텔(주거용),44,37.4989136660043,126.78969899602,http://www.khug.or.kr/updata/khgc/khgccms/cms/upload/1264/20241031093919708.png,POINT (126.78969899602 37.4989136660043),22680.0,57.87,391.9129082426128,551.1575461396411,춘의,44.25,28120
1,경기도,경기 부천시 원미구,"경기 부천시 원미구 원미동 70-6, 70-7, 70-8 금강빌리지 4층 403호",다세대주택,18,37.4970731150016,126.787095399495,http://www.khug.or.kr/updata/khgc/khgccms/cms/upload/1264/20241031082048955.png,POINT (126.787095399495 37.4970731150016),17190.0,50.65,339.3879565646594,658.1992641870685,춘의,42.31666666666667,27969
